Assessment Name,Short Description,URL,text_for_embedding,assessment_type
Microsoft SQL Server 2014 Programming,Assessment for evaluating specific skills and competencies,https://www.shl.com/products/product-catalog/view/microsoft-sql-server-2014-programming/,Microsoft SQL Server 2014 Programming. Assessment for evaluating specific skills and competencies,Technical Skills
Cardiology and Diabetes Management (New),Assessment for evaluating specific skills and competencies,https://www.shl.com/products/product-catalog/view/cardiology-and-diabetes-management-new/,Cardiology and Diabetes Management (New). Assessment for evaluating specific skills and competencies,General
Accounts Receivable Simulation (New),Assessment for evaluating specific skills and competencies,https://www.shl.com/products/product-catalog/view/accounts-receivable-simulation-new/,Accounts Receivable Simulation (New). Assessment for evaluating specific skills and competencies,Simulation
Reading Comprehension - English v1,Assessment for evaluating specific skills and competencies,https://www.shl.com/products/product-catalog/view/reading-comprehension-english-v1/,Reading Comprehension - English v1. Assessment for evaluating specific skills and competencies,Language
Universal Competency Framework Profiler Cards (44),Assessment for evaluating specific skills and competencies,https://www.shl.com/products/product-catalog/view/universal-competency-framework-profiler-cards-44/,Universal Competency Framework Profiler Cards (44). Assessment for evaluating specific skills and competencies,General
Basic Computer Literacy (Windows 10) (New),Assessment for evaluating specific skills and competencies,https://www.shl.com/products/product-catalog/view/basic-computer-literacy-windows-10-new/,Basic Computer Literacy (Windows 10) (New). Assessment for evaluating specific skills and competencies,General
Automata - Fix (New),Assessment for evaluating specific skills and competencies,https://www.shl.com/products/product-catalog/view/automata-fix-new/,Automata - Fix (New). Assessment for evaluating specific skills and competencies,General
SAP Basis (New),Assessment for evaluating specific skills and competencies,https://www.shl.com/products/product-catalog/view/sap-basis-new/,SAP Basis (New). Assessment for evaluating specific skills and competencies,General
Struts (New),Assessment for evaluating specific skills and competencies,https://www.shl.com/products/product-catalog/view/struts-new/,Struts (New). Assessment for evaluating specific skills and competencies,General
Bilingual Spanish Reservation Agent Solution,Assessment for evaluating specific skills and competencies,https://www.shl.com/products/product-catalog/view/bilingual-spanish-reservation-agent-solution/,Bilingual Spanish Reservation Agent Solution. Assessment for evaluating specific skills and competencies,General
SAP ABAP (Intermediate Level) (New),Assessment for evaluating specific skills and competencies,https://www.shl.com/products/product-catalog/view/sap-abap-intermediate-level-new/,SAP ABAP (Intermediate Level) (New). Assessment for evaluating specific skills and competencies,General
OPQ MQ Sales Report,Assessment for evaluating specific skills and competencies,https://www.shl.com/products/product-catalog/view/opq-mq-sales-report/,OPQ MQ Sales Report. Assessment for evaluating specific skills and competencies,Personality & Behavior
SQL Server Reporting Services (SSRS) (New),Assessment for evaluating specific skills and competencies,https://www.shl.com/products/product-catalog/view/sql-server-reporting-services-ssrs-new/,SQL Server Reporting Services (SSRS) (New). Assessment for evaluating specific skills and competencies,General
Basic Statistics (New),Assessment for evaluating specific skills and competencies,https://www.shl.com/products/product-catalog/view/basic-statistics-new/,Basic Statistics (New). Assessment for evaluating specific skills and competencies,General
Front Office Management (New),Assessment for evaluating specific skills and competencies,https://www.shl.com/products/product-catalog/view/front-office-management-new/,Front Office Management (New). Assessment for evaluating specific skills and competencies,General
OPQ Emotional Intelligence Report,Assessment for evaluating specific skills and competencies,https://www.shl.com/products/product-catalog/view/opq-emotional-intelligence-report/,OPQ Emotional Intelligence Report. Assessment for evaluating specific skills and competencies,Personality & Behavior
Verify Interactive Ability Report,Assessment for evaluating specific skills and competencies,https://www.shl.com/products/product-catalog/view/verify-interactive-ability-report/,Verify Interactive Ability Report. Assessment for evaluating specific skills and competencies,Cognitive
CSS3 (New),Assessment for evaluating specific skills and competencies,https://www.shl.com/products/product-catalog/view/css3-new/,CSS3 (New). Assessment for evaluating specific skills and competencies,General
Customer Service Phone Simulation,Assessment for evaluating specific skills and competencies,https://www.shl.com/products/product-catalog/view/customer-service-phone-simulation/,Customer Service Phone Simulation. Assessment for evaluating specific skills and competencies,Simulation
Maven (New),Assessment for evaluating specific skills and competencies,https://www.shl.com/products/product-catalog/view/maven-new/,Maven (New). Assessment for evaluating specific skills and competencies,General
Sales Interview Guide,Assessment for evaluating specific skills and competencies,https://www.shl.com/products/product-catalog/view/sales-interview-guide/,Sales Interview Guide. Assessment for evaluating specific skills and competencies,General
Interpersonal Communications,Assessment for evaluating specific skills and competencies,https://www.shl.com/products/product-catalog/view/interpersonal-communications/,Interpersonal Communications. Assessment for evaluating specific skills and competencies,General
SAP SD (Sales and Distribution) (New),Assessment for evaluating specific skills and competencies,https://www.shl.com/products/product-catalog/view/sap-sd-sales-and-distribution-new/,SAP SD (Sales and Distribution) (New). Assessment for evaluating specific skills and competencies,General
Occupational Personality Questionnaire OPQ32r,Assessment for evaluating specific skills and competencies,https://www.shl.com/products/product-catalog/view/occupational-personality-questionnaire-opq32r/,Occupational Personality Questionnaire OPQ32r. Assessment for evaluating specific skills and competencies,Personality & Behavior
OPQ Maximising your Learning Report,Assessment for evaluating specific skills and competencies,https://www.shl.com/products/product-catalog/view/opq-maximising-your-learning-report/,OPQ Maximising your Learning Report. Assessment for evaluating specific skills and competencies,Personality & Behavior
OPQ Profile Report,Assessment for evaluating specific skills and competencies,https://www.shl.com/products/product-catalog/view/opq-profile-report/,OPQ Profile Report. Assessment for evaluating specific skills and competencies,Personality & Behavior
Programming Concepts,Assessment for evaluating specific skills and competencies,https://www.shl.com/products/product-catalog/view/programming-concepts/,Programming Concepts. Assessment for evaluating specific skills and competencies,Technical Skills
General Diseases (New),Assessment for evaluating specific skills and competencies,https://www.shl.com/products/product-catalog/view/general-diseases-new/,General Diseases (New). Assessment for evaluating specific skills and competencies,General
Multitasking Ability,Assessment for evaluating specific skills and competencies,https://www.shl.com/products/product-catalog/view/multitasking-ability/,Multitasking Ability. Assessment for evaluating specific skills and competencies,General
Apache Hadoop (New),Assessment for evaluating specific skills and competencies,https://www.shl.com/products/product-catalog/view/apache-hadoop-new/,Apache Hadoop (New). Assessment for evaluating specific skills and competencies,General
Interviewing and Hiring Concepts (U.S.),Assessment for evaluating specific skills and competencies,https://www.shl.com/products/product-catalog/view/interviewing-and-hiring-concepts-u-s/,Interviewing and Hiring Concepts (U.S.). Assessment for evaluating specific skills and competencies,General
Split Screen Typing Test - Form 1,Assessment for evaluating specific skills and competencies,https://www.shl.com/products/product-catalog/view/split-screen-typing-test-form-1/,Split Screen Typing Test - Form 1. Assessment for evaluating specific skills and competencies,General
Networking and Implementation (New),Assessment for evaluating specific skills and competencies,https://www.shl.com/products/product-catalog/view/networking-and-implementation-new/,Networking and Implementation (New). Assessment for evaluating specific skills and competencies,General
Adobe Experience Manager (New),Assessment for evaluating specific skills and competencies,https://www.shl.com/products/product-catalog/view/adobe-experience-manager-new/,Adobe Experience Manager (New). Assessment for evaluating specific skills and competencies,General
Filing - Names (R1),Assessment for evaluating specific skills and competencies,https://www.shl.com/products/product-catalog/view/filing-names-r1/,Filing - Names (R1). Assessment for evaluating specific skills and competencies,General
OPQ User and Managers Report,Assessment for evaluating specific skills and competencies,https://www.shl.com/products/product-catalog/view/opq-user-and-managers-report/,OPQ User and Managers Report. Assessment for evaluating specific skills and competencies,Personality & Behavior
Data Science (New),Assessment for evaluating specific skills and competencies,https://www.shl.com/products/product-catalog/view/data-science-new/,Data Science (New). Assessment for evaluating specific skills and competencies,General
MQ Profile,Assessment for evaluating specific skills and competencies,https://www.shl.com/products/product-catalog/view/mq-profile/,MQ Profile. Assessment for evaluating specific skills and competencies,General
Workplace Health and Safety (New),Assessment for evaluating specific skills and competencies,https://www.shl.com/products/product-catalog/view/workplace-health-and-safety-new/,Workplace Health and Safety (New). Assessment for evaluating specific skills and competencies,General
Administrative Professional - Short Form,Assessment for evaluating specific skills and competencies,https://www.shl.com/products/product-catalog/view/administrative-professional-short-form/,Administrative Professional - Short Form. Assessment for evaluating specific skills and competencies,General
HiPo Assessment Report 1.0,Assessment for evaluating specific skills and competencies,https://www.shl.com/products/product-catalog/view/hipo-assessment-report-1-0/,HiPo Assessment Report 1.0. Assessment for evaluating specific skills and competencies,General
Enterprise Leadership Report 2.0,Assessment for evaluating specific skills and competencies,https://www.shl.com/products/product-catalog/view/enterprise-leadership-report-2-0/,Enterprise Leadership Report 2.0. Assessment for evaluating specific skills and competencies,General
Mineral Engineering (New),Assessment for evaluating specific skills and competencies,https://www.shl.com/products/product-catalog/view/mineral-engineering-new/,Mineral Engineering (New). Assessment for evaluating specific skills and competencies,General
Electronics and Semiconductor Engineering (New),Assessment for evaluating specific skills and competencies,https://www.shl.com/products/product-catalog/view/electronics-and-semiconductor-engineering-new/,Electronics and Semiconductor Engineering (New). Assessment for evaluating specific skills and competencies,General
Managerial Scenarios Candidate Report,Assessment for evaluating specific skills and competencies,https://www.shl.com/products/product-catalog/view/managerial-scenarios-candidate-report/,Managerial Scenarios Candidate Report. Assessment for evaluating specific skills and competencies,General
Culinary Skills (New),Assessment for evaluating specific skills and competencies,https://www.shl.com/products/product-catalog/view/culinary-skills-new/,Culinary Skills (New). Assessment for evaluating specific skills and competencies,General
Social Media (New),Assessment for evaluating specific skills and competencies,https://www.shl.com/products/product-catalog/view/social-media-new/,Social Media (New). Assessment for evaluating specific skills and competencies,General
Micro Focus Unified Functional Testing (New),Assessment for evaluating specific skills and competencies,https://www.shl.com/products/product-catalog/view/micro-focus-unified-functional-testing-new/,Micro Focus Unified Functional Testing (New). Assessment for evaluating specific skills and competencies,General
Fire Engineering (New),Assessment for evaluating specific skills and competencies,https://www.shl.com/products/product-catalog/view/fire-engineering-new/,Fire Engineering (New). Assessment for evaluating specific skills and competencies,General
Statistical Analysis System (New),Assessment for evaluating specific skills and competencies,https://www.shl.com/products/product-catalog/view/statistical-analysis-system-new/,Statistical Analysis System (New). Assessment for evaluating specific skills and competencies,General
Kubernetes (New),Assessment for evaluating specific skills and competencies,https://www.shl.com/products/product-catalog/view/kubernetes-new/,Kubernetes (New). Assessment for evaluating specific skills and competencies,General
UiPath RPA Development (New),Assessment for evaluating specific skills and competencies,https://www.shl.com/products/product-catalog/view/uipath-rpa-development-new/,UiPath RPA Development (New). Assessment for evaluating specific skills and competencies,General
Pediatrics (New),Assessment for evaluating specific skills and competencies,https://www.shl.com/products/product-catalog/view/pediatrics-new/,Pediatrics (New). Assessment for evaluating specific skills and competencies,General
Proofreading v1,Assessment for evaluating specific skills and competencies,https://www.shl.com/products/product-catalog/view/proofreading-v1/,Proofreading v1. Assessment for evaluating specific skills and competencies,General
Electronics and Embedded Systems Engineering (New),Assessment for evaluating specific skills and competencies,https://www.shl.com/products/product-catalog/view/electronics-and-embedded-systems-engineering-new/,Electronics and Embedded Systems Engineering (New). Assessment for evaluating specific skills and competencies,General
Contact Center Call Simulation (New),Assessment for evaluating specific skills and competencies,https://www.shl.com/products/product-catalog/view/contact-center-call-simulation-new/,Contact Center Call Simulation (New). Assessment for evaluating specific skills and competencies,Simulation
Dermatology (New),Assessment for evaluating specific skills and competencies,https://www.shl.com/products/product-catalog/view/dermatology-new/,Dermatology (New). Assessment for evaluating specific skills and competencies,General
SQL Server Analysis Services (SSAS) (New),Assessment for evaluating specific skills and competencies,https://www.shl.com/products/product-catalog/view/sql-server-analysis-services-%28ssas%29-%28new%29/,SQL Server Analysis Services (SSAS) (New). Assessment for evaluating specific skills and competencies,General
Time Management (U.S.),Assessment for evaluating specific skills and competencies,https://www.shl.com/products/product-catalog/view/time-management-u-s/,Time Management (U.S.). Assessment for evaluating specific skills and competencies,General
BizTalk (New),Assessment for evaluating specific skills and competencies,https://www.shl.com/products/product-catalog/view/biztalk-new/,BizTalk (New). Assessment for evaluating specific skills and competencies,General
IBM DataStage (New),Assessment for evaluating specific skills and competencies,https://www.shl.com/products/product-catalog/view/ibm-datastage-new/,IBM DataStage (New). Assessment for evaluating specific skills and competencies,General
Bank Administrative Assistant - Short Form,Assessment for evaluating specific skills and competencies,https://www.shl.com/products/product-catalog/view/bank-administrative-assistant-short-form/,Bank Administrative Assistant - Short Form. Assessment for evaluating specific skills and competencies,General
COBOL Programming (New),Assessment for evaluating specific skills and competencies,https://www.shl.com/products/product-catalog/view/cobol-programming-new/,COBOL Programming (New). Assessment for evaluating specific skills and competencies,Technical Skills
SQL (New),Assessment for evaluating specific skills and competencies,https://www.shl.com/products/product-catalog/view/sql-new/,SQL (New). Assessment for evaluating specific skills and competencies,General
Visual Basic for Applications (New),Assessment for evaluating specific skills and competencies,https://www.shl.com/products/product-catalog/view/visual-basic-for-applications-new/,Visual Basic for Applications (New). Assessment for evaluating specific skills and competencies,General
OPQ Universal Competency Report 2.0,Assessment for evaluating specific skills and competencies,https://www.shl.com/products/product-catalog/view/opq-universal-competency-report-2-0/,OPQ Universal Competency Report 2.0. Assessment for evaluating specific skills and competencies,Personality & Behavior
Apache Hive (New),Assessment for evaluating specific skills and competencies,https://www.shl.com/products/product-catalog/view/apache-hive-new/,Apache Hive (New). Assessment for evaluating specific skills and competencies,General
Cisco AppDynamics (New),Assessment for evaluating specific skills and competencies,https://www.shl.com/products/product-catalog/view/cisco-appdynamics-new/,Cisco AppDynamics (New). Assessment for evaluating specific skills and competencies,General
Oracle DBA (Entry Level) (New),Assessment for evaluating specific skills and competencies,https://www.shl.com/products/product-catalog/view/oracle-dba-entry-level-new/,Oracle DBA (Entry Level) (New). Assessment for evaluating specific skills and competencies,General
Digital Readiness Development Report - Manager,Assessment for evaluating specific skills and competencies,https://www.shl.com/products/product-catalog/view/digital-readiness-development-report-manager/,Digital Readiness Development Report - Manager. Assessment for evaluating specific skills and competencies,General
Enterprise Java Beans (New),Assessment for evaluating specific skills and competencies,https://www.shl.com/products/product-catalog/view/enterprise-java-beans-new/,Enterprise Java Beans (New). Assessment for evaluating specific skills and competencies,Technical Skills
.NET MVC (New),Assessment for evaluating specific skills and competencies,https://www.shl.com/products/product-catalog/view/net-mvc-new/,.NET MVC (New). Assessment for evaluating specific skills and competencies,Technical Skills
Android Development (New),Assessment for evaluating specific skills and competencies,https://www.shl.com/products/product-catalog/view/android-development-new/,Android Development (New). Assessment for evaluating specific skills and competencies,General
Java Design Patterns (New),Assessment for evaluating specific skills and competencies,https://www.shl.com/products/product-catalog/view/java-design-patterns-new/,Java Design Patterns (New). Assessment for evaluating specific skills and competencies,Technical Skills
Microsoft Excel 365 (New),Assessment for evaluating specific skills and competencies,https://www.shl.com/products/product-catalog/view/microsoft-excel-365-new/,Microsoft Excel 365 (New). Assessment for evaluating specific skills and competencies,General
SAP HCM (Human Capital Management) (New),Assessment for evaluating specific skills and competencies,https://www.shl.com/products/product-catalog/view/sap-hcm-human-capital-management-new/,SAP HCM (Human Capital Management) (New). Assessment for evaluating specific skills and competencies,General
SAP ABAP (Advanced Level) (New),Assessment for evaluating specific skills and competencies,https://www.shl.com/products/product-catalog/view/sap-abap-advanced-level-new/,SAP ABAP (Advanced Level) (New). Assessment for evaluating specific skills and competencies,General
OPQ Premium Plus Report 2.0,Assessment for evaluating specific skills and competencies,https://www.shl.com/products/product-catalog/view/opq-premium-plus-report-2-0/,OPQ Premium Plus Report 2.0. Assessment for evaluating specific skills and competencies,Personality & Behavior
Molecular Biology (New),Assessment for evaluating specific skills and competencies,https://www.shl.com/products/product-catalog/view/molecular-biology-new/,Molecular Biology (New). Assessment for evaluating specific skills and competencies,General
Global Skills Development Report,Assessment for evaluating specific skills and competencies,https://www.shl.com/products/product-catalog/view/global-skills-development-report/,Global Skills Development Report. Assessment for evaluating specific skills and competencies,General
RemoteWorkQ Participant Report,Assessment for evaluating specific skills and competencies,https://www.shl.com/products/product-catalog/view/remoteworkq-participant-report/,RemoteWorkQ Participant Report. Assessment for evaluating specific skills and competencies,General
Cyber Risk (New),Assessment for evaluating specific skills and competencies,https://www.shl.com/products/product-catalog/view/cyber-risk-new/,Cyber Risk (New). Assessment for evaluating specific skills and competencies,General
Written English v1,Assessment for evaluating specific skills and competencies,https://www.shl.com/products/product-catalog/view/written-english-v1/,Written English v1. Assessment for evaluating specific skills and competencies,General
"Bookkeeping, Accounting, Auditing Clerk Short Form",Assessment for evaluating specific skills and competencies,https://www.shl.com/products/product-catalog/view/bookkeeping-accounting-auditing-clerk-short-form/,"Bookkeeping, Accounting, Auditing Clerk Short Form. Assessment for evaluating specific skills and competencies",General
Desktop Support (New),Assessment for evaluating specific skills and competencies,https://www.shl.com/products/product-catalog/view/desktop-support-new/,Desktop Support (New). Assessment for evaluating specific skills and competencies,General
OPQ Leadership Report,Assessment for evaluating specific skills and competencies,https://www.shl.com/products/product-catalog/view/opq-leadership-report/,OPQ Leadership Report. Assessment for evaluating specific skills and competencies,Personality & Behavior
Ruby (New),Assessment for evaluating specific skills and competencies,https://www.shl.com/products/product-catalog/view/ruby-new/,Ruby (New). Assessment for evaluating specific skills and competencies,General
Software Business Analysis,Assessment for evaluating specific skills and competencies,https://www.shl.com/products/product-catalog/view/software-business-analysis/,Software Business Analysis. Assessment for evaluating specific skills and competencies,General
Universal Competency Framework Interview Guide,Assessment for evaluating specific skills and competencies,https://www.shl.com/products/product-catalog/view/universal-competency-framework-interview-guide/,Universal Competency Framework Interview Guide. Assessment for evaluating specific skills and competencies,General
Manufac. & Indust. - Safety & Dependability 8.0,Assessment for evaluating specific skills and competencies,https://www.shl.com/products/product-catalog/view/safety-and-dependability-focus-8-0/,Manufac. & Indust. - Safety & Dependability 8.0. Assessment for evaluating specific skills and competencies,General
Zabbix (New),Assessment for evaluating specific skills and competencies,https://www.shl.com/products/product-catalog/view/zabbix-new/,Zabbix (New). Assessment for evaluating specific skills and competencies,General
Automata Data Science (New),Assessment for evaluating specific skills and competencies,https://www.shl.com/products/product-catalog/view/automata-data-science-new/,Automata Data Science (New). Assessment for evaluating specific skills and competencies,General
Entry Level Customer Service (General) Solution,Assessment for evaluating specific skills and competencies,https://www.shl.com/products/product-catalog/view/entry-level-customer-service-general-solution/,Entry Level Customer Service (General) Solution. Assessment for evaluating specific skills and competencies,General
MS PowerPoint (New),Assessment for evaluating specific skills and competencies,https://www.shl.com/products/product-catalog/view/ms-powerpoint-new/,MS PowerPoint (New). Assessment for evaluating specific skills and competencies,General
Automata Selenium,Assessment for evaluating specific skills and competencies,https://www.shl.com/products/product-catalog/view/automata-selenium/,Automata Selenium. Assessment for evaluating specific skills and competencies,General
Java 2 Platform Enterprise Edition 1.4 Fundamental,Assessment for evaluating specific skills and competencies,https://www.shl.com/products/product-catalog/view/java-2-platform-enterprise-edition-1-4-fundamental/,Java 2 Platform Enterprise Edition 1.4 Fundamental. Assessment for evaluating specific skills and competencies,Technical Skills
Pharmaceutical Analysis (New),Assessment for evaluating specific skills and competencies,https://www.shl.com/products/product-catalog/view/pharmaceutical-analysis-new/,Pharmaceutical Analysis (New). Assessment for evaluating specific skills and competencies,General
Verify - Technical Checking - Next Generation,Assessment for evaluating specific skills and competencies,https://www.shl.com/products/product-catalog/view/verify-technical-checking-next-generation/,Verify - Technical Checking - Next Generation. Assessment for evaluating specific skills and competencies,Cognitive
Apache Spark (New),Assessment for evaluating specific skills and competencies,https://www.shl.com/products/product-catalog/view/apache-spark-new/,Apache Spark (New). Assessment for evaluating specific skills and competencies,General
Salesforce Development (New),Assessment for evaluating specific skills and competencies,https://www.shl.com/products/product-catalog/view/salesforce-development-new/,Salesforce Development (New). Assessment for evaluating specific skills and competencies,General
Automata - SQL (New),Assessment for evaluating specific skills and competencies,https://www.shl.com/products/product-catalog/view/automata-sql-new/,Automata - SQL (New). Assessment for evaluating specific skills and competencies,General
jQuery (New),Assessment for evaluating specific skills and competencies,https://www.shl.com/products/product-catalog/view/jquery-new/,jQuery (New). Assessment for evaluating specific skills and competencies,General
.NET WCF (New),Assessment for evaluating specific skills and competencies,https://www.shl.com/products/product-catalog/view/net-wcf-new/,.NET WCF (New). Assessment for evaluating specific skills and competencies,Technical Skills
Automata Pro (New),Assessment for evaluating specific skills and competencies,https://www.shl.com/products/product-catalog/view/automata-pro-new/,Automata Pro (New). Assessment for evaluating specific skills and competencies,General
Load Runner (New),Assessment for evaluating specific skills and competencies,https://www.shl.com/products/product-catalog/view/load-runner-new/,Load Runner (New). Assessment for evaluating specific skills and competencies,General
Dependability and Safety Instrument (DSI),Assessment for evaluating specific skills and competencies,https://www.shl.com/products/product-catalog/view/dependability-and-safety-instrument-dsi/,Dependability and Safety Instrument (DSI). Assessment for evaluating specific skills and competencies,General
Nursing (New),Assessment for evaluating specific skills and competencies,https://www.shl.com/products/product-catalog/view/nursing-new/,Nursing (New). Assessment for evaluating specific skills and competencies,General
Reading Comprehension v2,Assessment for evaluating specific skills and competencies,https://www.shl.com/products/product-catalog/view/reading-comprehension-v2/,Reading Comprehension v2. Assessment for evaluating specific skills and competencies,Language
Electrical and Electronics Engineering (New),Assessment for evaluating specific skills and competencies,https://www.shl.com/products/product-catalog/view/electrical-and-electronics-engineering-new/,Electrical and Electronics Engineering (New). Assessment for evaluating specific skills and competencies,General
Entry Level Cashier Solution,Assessment for evaluating specific skills and competencies,https://www.shl.com/products/product-catalog/view/entry-level-cashier-solution/,Entry Level Cashier Solution. Assessment for evaluating specific skills and competencies,General
HTML5 (New),Assessment for evaluating specific skills and competencies,https://www.shl.com/products/product-catalog/view/html5-new/,HTML5 (New). Assessment for evaluating specific skills and competencies,General
Manufacturing & Industrial - Mechanical Focus 8.0,Assessment for evaluating specific skills and competencies,https://www.shl.com/products/product-catalog/view/mechanical-focus-8-0/,Manufacturing & Industrial - Mechanical Focus 8.0. Assessment for evaluating specific skills and competencies,General
.NET MVVM (New),Assessment for evaluating specific skills and competencies,https://www.shl.com/products/product-catalog/view/net-mvvm-new/,.NET MVVM (New). Assessment for evaluating specific skills and competencies,Technical Skills
Human Resources (New),Assessment for evaluating specific skills and competencies,https://www.shl.com/products/product-catalog/view/human-resources-new/,Human Resources (New). Assessment for evaluating specific skills and competencies,General
Verify - Deductive Reasoning,Assessment for evaluating specific skills and competencies,https://www.shl.com/products/product-catalog/view/verify-deductive-reasoning/,Verify - Deductive Reasoning. Assessment for evaluating specific skills and competencies,Cognitive
Smart Interview Live,Assessment for evaluating specific skills and competencies,https://www.shl.com/products/product-catalog/view/smart-interview-live/,Smart Interview Live. Assessment for evaluating specific skills and competencies,General
Reviewing Forms - US (R1),Assessment for evaluating specific skills and competencies,https://www.shl.com/products/product-catalog/view/reviewing-forms-us-r1/,Reviewing Forms - US (R1). Assessment for evaluating specific skills and competencies,General
Metallurgical Engineering (New),Assessment for evaluating specific skills and competencies,https://www.shl.com/products/product-catalog/view/metallurgical-engineering-new/,Metallurgical Engineering (New). Assessment for evaluating specific skills and competencies,General
Verify Interactive G+ Report,Assessment for evaluating specific skills and competencies,https://www.shl.com/products/product-catalog/view/verify-interactive-g-report/,Verify Interactive G+ Report. Assessment for evaluating specific skills and competencies,Cognitive
Ruby on Rails (New),Assessment for evaluating specific skills and competencies,https://www.shl.com/products/product-catalog/view/ruby-on-rails-new/,Ruby on Rails (New). Assessment for evaluating specific skills and competencies,General
Branch Manager - Short Form,Assessment for evaluating specific skills and competencies,https://www.shl.com/products/product-catalog/view/branch-manager-short-form/,Branch Manager - Short Form. Assessment for evaluating specific skills and competencies,General
Global Skills Assessment,Assessment for evaluating specific skills and competencies,https://www.shl.com/products/product-catalog/view/global-skills-assessment/,Global Skills Assessment. Assessment for evaluating specific skills and competencies,General
ASP .NET with C# (New),Assessment for evaluating specific skills and competencies,https://www.shl.com/products/product-catalog/view/asp-net-with-c-new/,ASP .NET with C# (New). Assessment for evaluating specific skills and competencies,Technical Skills
Spelling (U.S.) (New),Assessment for evaluating specific skills and competencies,https://www.shl.com/products/product-catalog/view/spelling-u-s-new/,Spelling (U.S.) (New). Assessment for evaluating specific skills and competencies,General
Digital Readiness Development Report - IC,Assessment for evaluating specific skills and competencies,https://www.shl.com/products/product-catalog/view/digital-readiness-development-report/,Digital Readiness Development Report - IC. Assessment for evaluating specific skills and competencies,General
OPQ Premium Plus Report,Assessment for evaluating specific skills and competencies,https://www.shl.com/products/product-catalog/view/opq-premium-plus-report/,OPQ Premium Plus Report. Assessment for evaluating specific skills and competencies,Personality & Behavior
OPQ Team Types & Leadership Styles Profile,Assessment for evaluating specific skills and competencies,https://www.shl.com/products/product-catalog/view/opq-team-types-and-leadership-styles-profile/,OPQ Team Types & Leadership Styles Profile. Assessment for evaluating specific skills and competencies,Personality & Behavior
Cloud Computing (New),Assessment for evaluating specific skills and competencies,https://www.shl.com/products/product-catalog/view/cloud-computing-new/,Cloud Computing (New). Assessment for evaluating specific skills and competencies,General
Apache Pig (New),Assessment for evaluating specific skills and competencies,https://www.shl.com/products/product-catalog/view/apache-pig-new/,Apache Pig (New). Assessment for evaluating specific skills and competencies,General
MuleSoft Development (New),Assessment for evaluating specific skills and competencies,https://www.shl.com/products/product-catalog/view/mulesoft-development-new/,MuleSoft Development (New). Assessment for evaluating specific skills and competencies,General
Oracle PL/SQL (New),Assessment for evaluating specific skills and competencies,https://www.shl.com/products/product-catalog/view/oracle-plsql-new/,Oracle PL/SQL (New). Assessment for evaluating specific skills and competencies,General
SAP BW (Business Warehouse) (New),Assessment for evaluating specific skills and competencies,https://www.shl.com/products/product-catalog/view/sap-bw-business-warehouse-new/,SAP BW (Business Warehouse) (New). Assessment for evaluating specific skills and competencies,General
Retail Sales and Service Simulation,Assessment for evaluating specific skills and competencies,https://www.shl.com/products/product-catalog/view/retail-sales-and-service-simulation/,Retail Sales and Service Simulation. Assessment for evaluating specific skills and competencies,Simulation
Sales & Service Phone Solution,Assessment for evaluating specific skills and competencies,https://www.shl.com/products/product-catalog/view/sales-and-service-phone-solution/,Sales & Service Phone Solution. Assessment for evaluating specific skills and competencies,General
Verify G+ - Ability Test Report,Assessment for evaluating specific skills and competencies,https://www.shl.com/products/product-catalog/view/verify-g-ability-test-report/,Verify G+ - Ability Test Report. Assessment for evaluating specific skills and competencies,Cognitive
Java Web Services (New),Assessment for evaluating specific skills and competencies,https://www.shl.com/products/product-catalog/view/java-web-services-new/,Java Web Services (New). Assessment for evaluating specific skills and competencies,Technical Skills
Civil Engineering (New),Assessment for evaluating specific skills and competencies,https://www.shl.com/products/product-catalog/view/civil-engineering-new/,Civil Engineering (New). Assessment for evaluating specific skills and competencies,General
SVAR - Spoken French (Canadian) (New),Assessment for evaluating specific skills and competencies,https://www.shl.com/products/product-catalog/view/svar-spoken-french-canadian-new/,SVAR - Spoken French (Canadian) (New). Assessment for evaluating specific skills and competencies,General
Verify - General Ability Screen,Assessment for evaluating specific skills and competencies,https://www.shl.com/products/product-catalog/view/verify-general-ability-screen/,Verify - General Ability Screen. Assessment for evaluating specific skills and competencies,Cognitive
iOS Development (New),Assessment for evaluating specific skills and competencies,https://www.shl.com/products/product-catalog/view/ios-development-new/,iOS Development (New). Assessment for evaluating specific skills and competencies,General
Pharmacology (New),Assessment for evaluating specific skills and competencies,https://www.shl.com/products/product-catalog/view/pharmacology-new/,Pharmacology (New). Assessment for evaluating specific skills and competencies,General
Visual Comparison - UK,Assessment for evaluating specific skills and competencies,https://www.shl.com/products/product-catalog/view/visual-comparison-uk/,Visual Comparison - UK. Assessment for evaluating specific skills and competencies,General
Java Platform Enterprise Edition 7 (Java EE 7),Assessment for evaluating specific skills and competencies,https://www.shl.com/products/product-catalog/view/java-platform-enterprise-edition-7-java-ee-7/,Java Platform Enterprise Edition 7 (Java EE 7). Assessment for evaluating specific skills and competencies,Technical Skills
SAP Materials Management (New),Assessment for evaluating specific skills and competencies,https://www.shl.com/products/product-catalog/view/sap-materials-management-new/,SAP Materials Management (New). Assessment for evaluating specific skills and competencies,General
Oracle WebLogic Server (New),Assessment for evaluating specific skills and competencies,https://www.shl.com/products/product-catalog/view/oracle-weblogic-server-new/,Oracle WebLogic Server (New). Assessment for evaluating specific skills and competencies,General
Microsoft Word 365 - Essentials (New),Assessment for evaluating specific skills and competencies,https://www.shl.com/products/product-catalog/view/microsoft-word-365-essentials-new/,Microsoft Word 365 - Essentials (New). Assessment for evaluating specific skills and competencies,General
Food and Beverage Services (New),Assessment for evaluating specific skills and competencies,https://www.shl.com/products/product-catalog/view/food-and-beverage-services-new/,Food and Beverage Services (New). Assessment for evaluating specific skills and competencies,General
Biochemistry (New),Assessment for evaluating specific skills and competencies,https://www.shl.com/products/product-catalog/view/biochemistry-new/,Biochemistry (New). Assessment for evaluating specific skills and competencies,General
R Programming (New),Assessment for evaluating specific skills and competencies,https://www.shl.com/products/product-catalog/view/r-programming-new/,R Programming (New). Assessment for evaluating specific skills and competencies,Technical Skills
Verify - Inductive Reasoning (2014),Assessment for evaluating specific skills and competencies,https://www.shl.com/products/product-catalog/view/verify-inductive-reasoning-2014/,Verify - Inductive Reasoning (2014). Assessment for evaluating specific skills and competencies,Cognitive
Workplace Administration Skills (New),Assessment for evaluating specific skills and competencies,https://www.shl.com/products/product-catalog/view/workplace-administration-skills-new/,Workplace Administration Skills (New). Assessment for evaluating specific skills and competencies,General
Entry Level Technical Support Solution,Assessment for evaluating specific skills and competencies,https://www.shl.com/products/product-catalog/view/entry-level-technical-support-solution/,Entry Level Technical Support Solution. Assessment for evaluating specific skills and competencies,Technical Skills
Graduate Scenarios Profile Report,Assessment for evaluating specific skills and competencies,https://www.shl.com/products/product-catalog/view/graduate-scenarios-profile-report/,Graduate Scenarios Profile Report. Assessment for evaluating specific skills and competencies,General
Verify - Following Instructions,Assessment for evaluating specific skills and competencies,https://www.shl.com/products/product-catalog/view/verify-following-instructions/,Verify - Following Instructions. Assessment for evaluating specific skills and competencies,Cognitive
MS Access (New),Assessment for evaluating specific skills and competencies,https://www.shl.com/products/product-catalog/view/ms-access-new/,MS Access (New). Assessment for evaluating specific skills and competencies,General
SHL Verify Interactive – Numerical Reasoning,Assessment for evaluating specific skills and competencies,https://www.shl.com/products/product-catalog/view/shl-verify-interactive-numerical-reasoning/,SHL Verify Interactive – Numerical Reasoning. Assessment for evaluating specific skills and competencies,Cognitive
HTML/CSS (New),Assessment for evaluating specific skills and competencies,https://www.shl.com/products/product-catalog/view/htmlcss-new/,HTML/CSS (New). Assessment for evaluating specific skills and competencies,General
Microsoft Word 365 (New),Assessment for evaluating specific skills and competencies,https://www.shl.com/products/product-catalog/view/microsoft-word-365-new/,Microsoft Word 365 (New). Assessment for evaluating specific skills and competencies,General
Shell Scripting (New),Assessment for evaluating specific skills and competencies,https://www.shl.com/products/product-catalog/view/shell-scripting-new/,Shell Scripting (New). Assessment for evaluating specific skills and competencies,General
Angular 6 (New),Assessment for evaluating specific skills and competencies,https://www.shl.com/products/product-catalog/view/angular-6-new/,Angular 6 (New). Assessment for evaluating specific skills and competencies,General
Industrial Engineering (New),Assessment for evaluating specific skills and competencies,https://www.shl.com/products/product-catalog/view/industrial-engineering-new/,Industrial Engineering (New). Assessment for evaluating specific skills and competencies,General
Entry Level Hotel Front Desk Solution,Assessment for evaluating specific skills and competencies,https://www.shl.com/products/product-catalog/view/entry-level-hotel-front-desk-solution/,Entry Level Hotel Front Desk Solution. Assessment for evaluating specific skills and competencies,General
Mechatronics Engineering (New),Assessment for evaluating specific skills and competencies,https://www.shl.com/products/product-catalog/view/mechatronics-engineering-new/,Mechatronics Engineering (New). Assessment for evaluating specific skills and competencies,General
Search Engine Optimization (New),Assessment for evaluating specific skills and competencies,https://www.shl.com/products/product-catalog/view/search-engine-optimization-new/,Search Engine Optimization (New). Assessment for evaluating specific skills and competencies,General
Mechanical Engineering (New),Assessment for evaluating specific skills and competencies,https://www.shl.com/products/product-catalog/view/mechanical-engineering-new/,Mechanical Engineering (New). Assessment for evaluating specific skills and competencies,General
SVAR - Spoken English (AUS),Assessment for evaluating specific skills and competencies,https://www.shl.com/products/product-catalog/view/svar-spoken-english-aus/,SVAR - Spoken English (AUS). Assessment for evaluating specific skills and competencies,General
Graduate Scenarios Narrative Report,Assessment for evaluating specific skills and competencies,https://www.shl.com/products/product-catalog/view/graduate-scenarios-narrative-report/,Graduate Scenarios Narrative Report. Assessment for evaluating specific skills and competencies,General
Tableau (New),Assessment for evaluating specific skills and competencies,https://www.shl.com/products/product-catalog/view/tableau-new/,Tableau (New). Assessment for evaluating specific skills and competencies,General
Linux Administration (New),Assessment for evaluating specific skills and competencies,https://www.shl.com/products/product-catalog/view/linux-administration-new/,Linux Administration (New). Assessment for evaluating specific skills and competencies,General
SVAR - Spoken Spanish (North American) (New),Assessment for evaluating specific skills and competencies,https://www.shl.com/products/product-catalog/view/svar-spoken-spanish-north-american-new/,SVAR - Spoken Spanish (North American) (New). Assessment for evaluating specific skills and competencies,General
Job Control Language (New),Assessment for evaluating specific skills and competencies,https://www.shl.com/products/product-catalog/view/job-control-language-new/,Job Control Language (New). Assessment for evaluating specific skills and competencies,Language
Automotive Engineering (New),Assessment for evaluating specific skills and competencies,https://www.shl.com/products/product-catalog/view/automotive-engineering-new/,Automotive Engineering (New). Assessment for evaluating specific skills and competencies,General
MFS 360 UCF Standard Report,Assessment for evaluating specific skills and competencies,https://www.shl.com/products/product-catalog/view/mfs-360-ucf-standard-report/,MFS 360 UCF Standard Report. Assessment for evaluating specific skills and competencies,General
Verify - Verbal Ability - Next Generation,Assessment for evaluating specific skills and competencies,https://www.shl.com/products/product-catalog/view/verify-verbal-ability-next-generation/,Verify - Verbal Ability - Next Generation. Assessment for evaluating specific skills and competencies,Cognitive
C Programming (New),Assessment for evaluating specific skills and competencies,https://www.shl.com/products/product-catalog/view/c-programming-new/,C Programming (New). Assessment for evaluating specific skills and competencies,Technical Skills
OPQ Team Impact Group Development Report,Assessment for evaluating specific skills and competencies,https://www.shl.com/products/product-catalog/view/opq-team-impact-group-development-report/,OPQ Team Impact Group Development Report. Assessment for evaluating specific skills and competencies,Personality & Behavior
RemoteWorkQ,Assessment for evaluating specific skills and competencies,https://www.shl.com/products/product-catalog/view/remoteworkq/,RemoteWorkQ. Assessment for evaluating specific skills and competencies,General
Mobility (New),Assessment for evaluating specific skills and competencies,https://www.shl.com/products/product-catalog/view/mobility-new/,Mobility (New). Assessment for evaluating specific skills and competencies,General
Computer Science (New),Assessment for evaluating specific skills and competencies,https://www.shl.com/products/product-catalog/view/computer-science-new/,Computer Science (New). Assessment for evaluating specific skills and competencies,General
Typing (New),Assessment for evaluating specific skills and competencies,https://www.shl.com/products/product-catalog/view/typing-new/,Typing (New). Assessment for evaluating specific skills and competencies,General
Geoscience Engineering (New),Assessment for evaluating specific skills and competencies,https://www.shl.com/products/product-catalog/view/geoscience-engineering-new/,Geoscience Engineering (New). Assessment for evaluating specific skills and competencies,General
Management Scenarios,Assessment for evaluating specific skills and competencies,https://www.shl.com/products/product-catalog/view/management-scenarios/,Management Scenarios. Assessment for evaluating specific skills and competencies,General
Filing - Numbers,Assessment for evaluating specific skills and competencies,https://www.shl.com/products/product-catalog/view/filing-numbers/,Filing - Numbers. Assessment for evaluating specific skills and competencies,General
Basic Biology (New),Assessment for evaluating specific skills and competencies,https://www.shl.com/products/product-catalog/view/basic-biology-new/,Basic Biology (New). Assessment for evaluating specific skills and competencies,General
Marketing (New),Assessment for evaluating specific skills and competencies,https://www.shl.com/products/product-catalog/view/marketing-new/,Marketing (New). Assessment for evaluating specific skills and competencies,General
Sales Transformation Report 1.0 - Sales Manager,Assessment for evaluating specific skills and competencies,https://www.shl.com/products/product-catalog/view/sales-transformation-report-sales-manager/,Sales Transformation Report 1.0 - Sales Manager. Assessment for evaluating specific skills and competencies,General
Project Management (2013),Assessment for evaluating specific skills and competencies,https://www.shl.com/products/product-catalog/view/project-management-2013/,Project Management (2013). Assessment for evaluating specific skills and competencies,General
Linux Operating System,Assessment for evaluating specific skills and competencies,https://www.shl.com/products/product-catalog/view/linux-operating-system/,Linux Operating System. Assessment for evaluating specific skills and competencies,General
Motivation Questionnaire MQM5,Assessment for evaluating specific skills and competencies,https://www.shl.com/products/product-catalog/view/motivation-questionnaire-mqm5/,Motivation Questionnaire MQM5. Assessment for evaluating specific skills and competencies,General
Housekeeping (New),Assessment for evaluating specific skills and competencies,https://www.shl.com/products/product-catalog/view/housekeeping-new/,Housekeeping (New). Assessment for evaluating specific skills and competencies,General
Agile Testing (New),Assessment for evaluating specific skills and competencies,https://www.shl.com/products/product-catalog/view/agile-testing-new/,Agile Testing (New). Assessment for evaluating specific skills and competencies,General
Ceramic Engineering (New),Assessment for evaluating specific skills and competencies,https://www.shl.com/products/product-catalog/view/ceramic-engineering-new/,Ceramic Engineering (New). Assessment for evaluating specific skills and competencies,General
HIPAA (Security),Assessment for evaluating specific skills and competencies,https://www.shl.com/products/product-catalog/view/hipaa-security/,HIPAA (Security). Assessment for evaluating specific skills and competencies,General
UNIX (New),Assessment for evaluating specific skills and competencies,https://www.shl.com/products/product-catalog/view/unix-new/,UNIX (New). Assessment for evaluating specific skills and competencies,General
MQ Employee Motivation Report,Assessment for evaluating specific skills and competencies,https://www.shl.com/products/product-catalog/view/mq-employee-motivation-report/,MQ Employee Motivation Report. Assessment for evaluating specific skills and competencies,General
Reading Comprehension - Spanish v1,Assessment for evaluating specific skills and competencies,https://www.shl.com/products/product-catalog/view/reading-comprehension-spanish-v1/,Reading Comprehension - Spanish v1. Assessment for evaluating specific skills and competencies,Language
SAP Business Objects WebI (New),Assessment for evaluating specific skills and competencies,https://www.shl.com/products/product-catalog/view/sap-business-objects-webi-new/,SAP Business Objects WebI (New). Assessment for evaluating specific skills and competencies,General
Production and Industrial Engineering (New),Assessment for evaluating specific skills and competencies,https://www.shl.com/products/product-catalog/view/production-and-industrial-engineering-new/,Production and Industrial Engineering (New). Assessment for evaluating specific skills and competencies,General
Agency Manager Solution,Assessment for evaluating specific skills and competencies,https://www.shl.com/products/product-catalog/view/agency-manager-solution/,Agency Manager Solution. Assessment for evaluating specific skills and competencies,General
ITIL (IT Infrastructure Library) (New),Assessment for evaluating specific skills and competencies,https://www.shl.com/products/product-catalog/view/itil-it-infrastructure-library-new/,ITIL (IT Infrastructure Library) (New). Assessment for evaluating specific skills and competencies,General
Python (New),Assessment for evaluating specific skills and competencies,https://www.shl.com/products/product-catalog/view/python-new/,Python (New). Assessment for evaluating specific skills and competencies,Technical Skills
OPQ Universal Competency Report 1.0,Assessment for evaluating specific skills and competencies,https://www.shl.com/products/product-catalog/view/opq-universal-competency-report/,OPQ Universal Competency Report 1.0. Assessment for evaluating specific skills and competencies,Personality & Behavior
Accounts Payable (New),Assessment for evaluating specific skills and competencies,https://www.shl.com/products/product-catalog/view/accounts-payable-new/,Accounts Payable (New). Assessment for evaluating specific skills and competencies,General
Telecommunications Engineering (New),Assessment for evaluating specific skills and competencies,https://www.shl.com/products/product-catalog/view/telecommunications-engineering-new/,Telecommunications Engineering (New). Assessment for evaluating specific skills and competencies,General
MS Office Basic Computer Literacy (Sim) (New),Assessment for evaluating specific skills and competencies,https://www.shl.com/products/product-catalog/view/ms-office-basic-computer-literacy-sim-new/,MS Office Basic Computer Literacy (Sim) (New). Assessment for evaluating specific skills and competencies,General
Chemical Engineering (New),Assessment for evaluating specific skills and competencies,https://www.shl.com/products/product-catalog/view/chemical-engineering-new/,Chemical Engineering (New). Assessment for evaluating specific skills and competencies,General
OPQ Team Types and Leadership Styles Report,Assessment for evaluating specific skills and competencies,https://www.shl.com/products/product-catalog/view/opq-team-types-and-leadership-styles-report/,OPQ Team Types and Leadership Styles Report. Assessment for evaluating specific skills and competencies,Personality & Behavior
Microsoft Dynamics Development (New),Assessment for evaluating specific skills and competencies,https://www.shl.com/products/product-catalog/view/microsoft-dynamics-development-new/,Microsoft Dynamics Development (New). Assessment for evaluating specific skills and competencies,General
Accounts Receivable (New),Assessment for evaluating specific skills and competencies,https://www.shl.com/products/product-catalog/view/accounts-receivable-new/,Accounts Receivable (New). Assessment for evaluating specific skills and competencies,General
Bank Operations Supervisor - Short Form,Assessment for evaluating specific skills and competencies,https://www.shl.com/products/product-catalog/view/bank-operations-supervisor-short-form/,Bank Operations Supervisor - Short Form. Assessment for evaluating specific skills and competencies,General
Electronics & Telecommunications Engineering (New),Assessment for evaluating specific skills and competencies,https://www.shl.com/products/product-catalog/view/electronics-and-telecommunications-engineering-new/,Electronics & Telecommunications Engineering (New). Assessment for evaluating specific skills and competencies,General
PJM Development Report,Assessment for evaluating specific skills and competencies,https://www.shl.com/products/product-catalog/view/pjm-development-report/,PJM Development Report. Assessment for evaluating specific skills and competencies,General
Verify - Working with Information,Assessment for evaluating specific skills and competencies,https://www.shl.com/products/product-catalog/view/verify-working-with-information/,Verify - Working with Information. Assessment for evaluating specific skills and competencies,Cognitive
Microsoft Windows Server 2012 Administration,Assessment for evaluating specific skills and competencies,https://www.shl.com/products/product-catalog/view/microsoft-windows-server-2012-administration/,Microsoft Windows Server 2012 Administration. Assessment for evaluating specific skills and competencies,General
Data Entry Numeric Split Screen - US,Assessment for evaluating specific skills and competencies,https://www.shl.com/products/product-catalog/view/data-entry-numeric-split-screen-us/,Data Entry Numeric Split Screen - US. Assessment for evaluating specific skills and competencies,General
Microservices (New),Assessment for evaluating specific skills and competencies,https://www.shl.com/products/product-catalog/view/microservices-new/,Microservices (New). Assessment for evaluating specific skills and competencies,General
MQ Candidate Motivation Report,Assessment for evaluating specific skills and competencies,https://www.shl.com/products/product-catalog/view/mq-candidate-motivation-report/,MQ Candidate Motivation Report. Assessment for evaluating specific skills and competencies,General
Manual Testing (New),Assessment for evaluating specific skills and competencies,https://www.shl.com/products/product-catalog/view/manual-testing-new/,Manual Testing (New). Assessment for evaluating specific skills and competencies,General
Managerial Scenarios Profile Report,Assessment for evaluating specific skills and competencies,https://www.shl.com/products/product-catalog/view/managerial-scenarios-profile-report/,Managerial Scenarios Profile Report. Assessment for evaluating specific skills and competencies,General
MQ Motivation Report Pack,Assessment for evaluating specific skills and competencies,https://www.shl.com/products/product-catalog/view/mq-motivation-report-pack/,MQ Motivation Report Pack. Assessment for evaluating specific skills and competencies,General
Verify - Numerical Ability,Assessment for evaluating specific skills and competencies,https://www.shl.com/products/product-catalog/view/verify-numerical-ability/,Verify - Numerical Ability. Assessment for evaluating specific skills and competencies,Cognitive
VB.NET (New),Assessment for evaluating specific skills and competencies,https://www.shl.com/products/product-catalog/view/vb-net-new/,VB.NET (New). Assessment for evaluating specific skills and competencies,Technical Skills
Data Entry Ten Key Split Screen,Assessment for evaluating specific skills and competencies,https://www.shl.com/products/product-catalog/view/data-entry-ten-key-split-screen/,Data Entry Ten Key Split Screen. Assessment for evaluating specific skills and competencies,General
Prism (New),Assessment for evaluating specific skills and competencies,https://www.shl.com/products/product-catalog/view/prism-new/,Prism (New). Assessment for evaluating specific skills and competencies,General
Microsoft Excel 365 - Essentials (New),Assessment for evaluating specific skills and competencies,https://www.shl.com/products/product-catalog/view/microsoft-excel-365-essentials-new/,Microsoft Excel 365 - Essentials (New). Assessment for evaluating specific skills and competencies,General
MS Office Basic Computer Literacy (New),Assessment for evaluating specific skills and competencies,https://www.shl.com/products/product-catalog/view/ms-office-basic-computer-literacy-new/,MS Office Basic Computer Literacy (New). Assessment for evaluating specific skills and competencies,General
Verify G+ - Candidate Report,Assessment for evaluating specific skills and competencies,https://www.shl.com/products/product-catalog/view/verify-g-candidate-report/,Verify G+ - Candidate Report. Assessment for evaluating specific skills and competencies,Cognitive
Written Spanish,Assessment for evaluating specific skills and competencies,https://www.shl.com/products/product-catalog/view/written-spanish/,Written Spanish. Assessment for evaluating specific skills and competencies,General
Data Entry Alphanumeric Split Screen - US,Assessment for evaluating specific skills and competencies,https://www.shl.com/products/product-catalog/view/data-entry-alphanumeric-split-screen-us/,Data Entry Alphanumeric Split Screen - US. Assessment for evaluating specific skills and competencies,General
Fundamentals of Physics (New),Assessment for evaluating specific skills and competencies,https://www.shl.com/products/product-catalog/view/fundamentals-of-physics-new/,Fundamentals of Physics (New). Assessment for evaluating specific skills and competencies,General
Jenkins (New),Assessment for evaluating specific skills and competencies,https://www.shl.com/products/product-catalog/view/jenkins-new/,Jenkins (New). Assessment for evaluating specific skills and competencies,General
PJM Selection Report,Assessment for evaluating specific skills and competencies,https://www.shl.com/products/product-catalog/view/pjm-selection-report/,PJM Selection Report. Assessment for evaluating specific skills and competencies,General
Pharmaceutical Science (New),Assessment for evaluating specific skills and competencies,https://www.shl.com/products/product-catalog/view/pharmaceutical-science-new/,Pharmaceutical Science (New). Assessment for evaluating specific skills and competencies,General
RESTful Web Services (New),Assessment for evaluating specific skills and competencies,https://www.shl.com/products/product-catalog/view/restful-web-services-new/,RESTful Web Services (New). Assessment for evaluating specific skills and competencies,General
Apache HBase (New),Assessment for evaluating specific skills and competencies,https://www.shl.com/products/product-catalog/view/apache-hbase-new/,Apache HBase (New). Assessment for evaluating specific skills and competencies,General
JavaScript (New),Assessment for evaluating specific skills and competencies,https://www.shl.com/products/product-catalog/view/javascript-new/,JavaScript (New). Assessment for evaluating specific skills and competencies,Technical Skills
Amazon Web Services (AWS) Development (New),Assessment for evaluating specific skills and competencies,https://www.shl.com/products/product-catalog/view/amazon-web-services-aws-development-new/,Amazon Web Services (AWS) Development (New). Assessment for evaluating specific skills and competencies,General
Sales Profiler Cards,Assessment for evaluating specific skills and competencies,https://www.shl.com/products/product-catalog/view/sales-profiler-cards/,Sales Profiler Cards. Assessment for evaluating specific skills and competencies,General
Executive Scenarios Narrative Report,Assessment for evaluating specific skills and competencies,https://www.shl.com/products/product-catalog/view/executive-scenarios-narrative-report/,Executive Scenarios Narrative Report. Assessment for evaluating specific skills and competencies,General
Automata (New),Assessment for evaluating specific skills and competencies,https://www.shl.com/products/product-catalog/view/automata-new/,Automata (New). Assessment for evaluating specific skills and competencies,General
Docker (New),Assessment for evaluating specific skills and competencies,https://www.shl.com/products/product-catalog/view/docker-new/,Docker (New). Assessment for evaluating specific skills and competencies,General
SonarQube (New),Assessment for evaluating specific skills and competencies,https://www.shl.com/products/product-catalog/view/sonarqube-new/,SonarQube (New). Assessment for evaluating specific skills and competencies,General
Sales Transformation 2.0 - Individual Contributor,Assessment for evaluating specific skills and competencies,https://www.shl.com/products/product-catalog/view/salestransformationreport2-0-individualcontributor/,Sales Transformation 2.0 - Individual Contributor. Assessment for evaluating specific skills and competencies,General
Pega Development (New),Assessment for evaluating specific skills and competencies,https://www.shl.com/products/product-catalog/view/pega-development-new/,Pega Development (New). Assessment for evaluating specific skills and competencies,General
Java Frameworks (New),Assessment for evaluating specific skills and competencies,https://www.shl.com/products/product-catalog/view/java-frameworks-new/,Java Frameworks (New). Assessment for evaluating specific skills and competencies,Technical Skills
Power System Engineering (New),Assessment for evaluating specific skills and competencies,https://www.shl.com/products/product-catalog/view/power-system-engineering-new/,Power System Engineering (New). Assessment for evaluating specific skills and competencies,General
SVAR - Spoken Spanish (Castilian) (New),Assessment for evaluating specific skills and competencies,https://www.shl.com/products/product-catalog/view/svar-spoken-spanish-castilian-new/,SVAR - Spoken Spanish (Castilian) (New). Assessment for evaluating specific skills and competencies,General
Operations Management (New),Assessment for evaluating specific skills and competencies,https://www.shl.com/products/product-catalog/view/operations-management-new/,Operations Management (New). Assessment for evaluating specific skills and competencies,General
SHL Verify Interactive G+,Assessment for evaluating specific skills and competencies,https://www.shl.com/products/product-catalog/view/shl-verify-interactive-g/,SHL Verify Interactive G+. Assessment for evaluating specific skills and competencies,Cognitive
Customer Service Phone Solution,Assessment for evaluating specific skills and competencies,https://www.shl.com/products/product-catalog/view/customer-service-phone-solution/,Customer Service Phone Solution. Assessment for evaluating specific skills and competencies,General
Accounts Payable Simulation (New),Assessment for evaluating specific skills and competencies,https://www.shl.com/products/product-catalog/view/accounts-payable-simulation-new/,Accounts Payable Simulation (New). Assessment for evaluating specific skills and competencies,Simulation
Informatica (Developer) (New),Assessment for evaluating specific skills and competencies,https://www.shl.com/products/product-catalog/view/informatica-developer-new/,Informatica (Developer) (New). Assessment for evaluating specific skills and competencies,General
OPQ Manager Plus Report,Assessment for evaluating specific skills and competencies,https://www.shl.com/products/product-catalog/view/opq-manager-plus-report/,OPQ Manager Plus Report. Assessment for evaluating specific skills and competencies,Personality & Behavior
Smart Interview On Demand,Assessment for evaluating specific skills and competencies,https://www.shl.com/products/product-catalog/view/smart-interview-on-demand/,Smart Interview On Demand. Assessment for evaluating specific skills and competencies,General
Drupal (New),Assessment for evaluating specific skills and competencies,https://www.shl.com/products/product-catalog/view/drupal-new/,Drupal (New). Assessment for evaluating specific skills and competencies,General
Production Engineering (New),Assessment for evaluating specific skills and competencies,https://www.shl.com/products/product-catalog/view/production-engineering-new/,Production Engineering (New). Assessment for evaluating specific skills and competencies,General
Aerospace Engineering (New),Assessment for evaluating specific skills and competencies,https://www.shl.com/products/product-catalog/view/aerospace-engineering-new/,Aerospace Engineering (New). Assessment for evaluating specific skills and competencies,General
Automata Data Science Pro (New),Assessment for evaluating specific skills and competencies,https://www.shl.com/products/product-catalog/view/automata-data-science-pro-new/,Automata Data Science Pro (New). Assessment for evaluating specific skills and competencies,General
ADO.NET (New),Assessment for evaluating specific skills and competencies,https://www.shl.com/products/product-catalog/view/ado-net-new/,ADO.NET (New). Assessment for evaluating specific skills and competencies,Technical Skills
MongoDB (New),Assessment for evaluating specific skills and competencies,https://www.shl.com/products/product-catalog/view/mongodb-new/,MongoDB (New). Assessment for evaluating specific skills and competencies,General
C++ Programming (New),Assessment for evaluating specific skills and competencies,https://www.shl.com/products/product-catalog/view/c-programming-new-4122/,C++ Programming (New). Assessment for evaluating specific skills and competencies,Technical Skills
Power Electronics and Drives (New),Assessment for evaluating specific skills and competencies,https://www.shl.com/products/product-catalog/view/power-electronics-and-drives-new/,Power Electronics and Drives (New). Assessment for evaluating specific skills and competencies,General
HiPo Unlocking Potential Report 2.0,Assessment for evaluating specific skills and competencies,https://www.shl.com/products/product-catalog/view/hipo-unlocking-potential-report-2-0/,HiPo Unlocking Potential Report 2.0. Assessment for evaluating specific skills and competencies,General
Data Entry (New),Assessment for evaluating specific skills and competencies,https://www.shl.com/products/product-catalog/view/data-entry-new/,Data Entry (New). Assessment for evaluating specific skills and competencies,General
GIT (New),Assessment for evaluating specific skills and competencies,https://www.shl.com/products/product-catalog/view/git-new/,GIT (New). Assessment for evaluating specific skills and competencies,General
MFS 360 Enterprise Leadership Report,Assessment for evaluating specific skills and competencies,https://www.shl.com/products/product-catalog/view/mfs-360-enterprise-leadership-report/,MFS 360 Enterprise Leadership Report. Assessment for evaluating specific skills and competencies,General
Java 8 (New),Assessment for evaluating specific skills and competencies,https://www.shl.com/products/product-catalog/view/java-8-new/,Java 8 (New). Assessment for evaluating specific skills and competencies,Technical Skills
MFS 360 UCF Performance Potential Dev Tips Report,Assessment for evaluating specific skills and competencies,https://www.shl.com/products/product-catalog/view/mfs-360-ucf-performance-potential-dev-tips-report/,MFS 360 UCF Performance Potential Dev Tips Report. Assessment for evaluating specific skills and competencies,General
VLSI and Embedded Systems (New),Assessment for evaluating specific skills and competencies,https://www.shl.com/products/product-catalog/view/vlsi-and-embedded-systems-new/,VLSI and Embedded Systems (New). Assessment for evaluating specific skills and competencies,General
360 Digital Report,Assessment for evaluating specific skills and competencies,https://www.shl.com/products/product-catalog/view/360-digital-report/,360 Digital Report. Assessment for evaluating specific skills and competencies,General
SVAR - Spoken English (U.K.),Assessment for evaluating specific skills and competencies,https://www.shl.com/products/product-catalog/view/svar-spoken-english-u-k/,SVAR - Spoken English (U.K.). Assessment for evaluating specific skills and competencies,General
Following Instructions v1 - US (R2),Assessment for evaluating specific skills and competencies,https://www.shl.com/products/product-catalog/view/following-instructions-v1-us-r2/,Following Instructions v1 - US (R2). Assessment for evaluating specific skills and competencies,General
Selenium (New),Assessment for evaluating specific skills and competencies,https://www.shl.com/products/product-catalog/view/selenium-new/,Selenium (New). Assessment for evaluating specific skills and competencies,General
Node.js (New),Assessment for evaluating specific skills and competencies,https://www.shl.com/products/product-catalog/view/node-js-new/,Node.js (New). Assessment for evaluating specific skills and competencies,General
Linux Programming (General),Assessment for evaluating specific skills and competencies,https://www.shl.com/products/product-catalog/view/linux-programming-general/,Linux Programming (General). Assessment for evaluating specific skills and competencies,Technical Skills
Instrumentation Engineering (New),Assessment for evaluating specific skills and competencies,https://www.shl.com/products/product-catalog/view/instrumentation-engineering-new/,Instrumentation Engineering (New). Assessment for evaluating specific skills and competencies,General
RemoteWorkQ Manager Report,Assessment for evaluating specific skills and competencies,https://www.shl.com/products/product-catalog/view/remoteworkq-manager-report/,RemoteWorkQ Manager Report. Assessment for evaluating specific skills and competencies,General
Verify - G+,Assessment for evaluating specific skills and competencies,https://www.shl.com/products/product-catalog/view/verify-g/,Verify - G+. Assessment for evaluating specific skills and competencies,Cognitive
ASP.NET 4.5,Assessment for evaluating specific skills and competencies,https://www.shl.com/products/product-catalog/view/asp-net-4-5/,ASP.NET 4.5. Assessment for evaluating specific skills and competencies,Technical Skills
Managerial Scenarios Narrative Report,Assessment for evaluating specific skills and competencies,https://www.shl.com/products/product-catalog/view/managerial-scenarios-narrative-report/,Managerial Scenarios Narrative Report. Assessment for evaluating specific skills and competencies,General
Automation Anywhere RPA Development (New),Assessment for evaluating specific skills and competencies,https://www.shl.com/products/product-catalog/view/automation-anywhere-rpa-development-new/,Automation Anywhere RPA Development (New). Assessment for evaluating specific skills and competencies,General
AI Skills,Assessment for evaluating specific skills and competencies,https://www.shl.com/products/product-catalog/view/ai-skills/,AI Skills. Assessment for evaluating specific skills and competencies,General
Biotech Lab Techniques (New),Assessment for evaluating specific skills and competencies,https://www.shl.com/products/product-catalog/view/biotech-lab-techniques-new/,Biotech Lab Techniques (New). Assessment for evaluating specific skills and competencies,General
Apprentice + 8.0 Job Focused Assessment,Assessment for evaluating specific skills and competencies,https://www.shl.com/products/product-catalog/view/apprentice-8-0-job-focused-assessment-4261/,Apprentice + 8.0 Job Focused Assessment. Assessment for evaluating specific skills and competencies,General
OPQ UCF Development Action Planner Report 1.0,Assessment for evaluating specific skills and competencies,https://www.shl.com/products/product-catalog/view/opq-ucf-development-action-planner-report/,OPQ UCF Development Action Planner Report 1.0. Assessment for evaluating specific skills and competencies,Personality & Behavior
MFS 360 UCF Group Report,Assessment for evaluating specific skills and competencies,https://www.shl.com/products/product-catalog/view/mfs-360-ucf-group-report/,MFS 360 UCF Group Report. Assessment for evaluating specific skills and competencies,General
IBM Sterling Order Management System (New),Assessment for evaluating specific skills and competencies,https://www.shl.com/products/product-catalog/view/ibm-sterling-order-management-system-new/,IBM Sterling Order Management System (New). Assessment for evaluating specific skills and competencies,General
Microsoft Outlook 2013 (adaptive),Assessment for evaluating specific skills and competencies,https://www.shl.com/products/product-catalog/view/microsoft-outlook-2013-adaptive/,Microsoft Outlook 2013 (adaptive). Assessment for evaluating specific skills and competencies,General
OPQ Manager Plus Report 2.0,Assessment for evaluating specific skills and competencies,https://www.shl.com/products/product-catalog/view/opq-manager-plus-report-2-0/,OPQ Manager Plus Report 2.0. Assessment for evaluating specific skills and competencies,Personality & Behavior
Data Warehousing Concepts,Assessment for evaluating specific skills and competencies,https://www.shl.com/products/product-catalog/view/data-warehousing-concepts/,Data Warehousing Concepts. Assessment for evaluating specific skills and competencies,General
Microsoft PowerPoint 365 - Essentials (New),Assessment for evaluating specific skills and competencies,https://www.shl.com/products/product-catalog/view/microsoft-powerpoint-365-essentials-new/,Microsoft PowerPoint 365 - Essentials (New). Assessment for evaluating specific skills and competencies,General
Spring (New),Assessment for evaluating specific skills and competencies,https://www.shl.com/products/product-catalog/view/spring-new/,Spring (New). Assessment for evaluating specific skills and competencies,General
Swing (New),Assessment for evaluating specific skills and competencies,https://www.shl.com/products/product-catalog/view/swing-new/,Swing (New). Assessment for evaluating specific skills and competencies,General
SVAR - Spoken English (Indian Accent) (New),Assessment for evaluating specific skills and competencies,https://www.shl.com/products/product-catalog/view/svar-spoken-english-indian-accent-new/,SVAR - Spoken English (Indian Accent) (New). Assessment for evaluating specific skills and competencies,General
Entry Level Sales Solution,Assessment for evaluating specific skills and competencies,https://www.shl.com/products/product-catalog/view/entry-level-sales-solution/,Entry Level Sales Solution. Assessment for evaluating specific skills and competencies,General
SQL Server Integration Services (SSIS) (New),Assessment for evaluating specific skills and competencies,https://www.shl.com/products/product-catalog/view/sql-server-integration-services-ssis-new/,SQL Server Integration Services (SSIS) (New). Assessment for evaluating specific skills and competencies,General
MS Word (New),Assessment for evaluating specific skills and competencies,https://www.shl.com/products/product-catalog/view/ms-word-new/,MS Word (New). Assessment for evaluating specific skills and competencies,General
Count Out The Money,Assessment for evaluating specific skills and competencies,https://www.shl.com/products/product-catalog/view/count-out-the-money/,Count Out The Money. Assessment for evaluating specific skills and competencies,General
WriteX - Email Writing (Customer Service) (New),Assessment for evaluating specific skills and competencies,https://www.shl.com/products/product-catalog/view/writex-email-writing-customer-service-new/,WriteX - Email Writing (Customer Service) (New). Assessment for evaluating specific skills and competencies,Language
Manufac. & Indust. - Mechanical & Vigilance 8.0,Assessment for evaluating specific skills and competencies,https://www.shl.com/products/product-catalog/view/mechanical-and-vigilance-focus-8-0/,Manufac. & Indust. - Mechanical & Vigilance 8.0. Assessment for evaluating specific skills and competencies,General
SVAR - Spoken English (US) (New),Assessment for evaluating specific skills and competencies,https://www.shl.com/products/product-catalog/view/svar-spoken-english-us-new/,SVAR - Spoken English (US) (New). Assessment for evaluating specific skills and competencies,General
Teradata Development (New),Assessment for evaluating specific skills and competencies,https://www.shl.com/products/product-catalog/view/teradata-development-new/,Teradata Development (New). Assessment for evaluating specific skills and competencies,General
Universal Competency Framework Job profiling guide,Assessment for evaluating specific skills and competencies,https://www.shl.com/products/product-catalog/view/universal-competency-framework-job-profiling-guide/,Universal Competency Framework Job profiling guide. Assessment for evaluating specific skills and competencies,General
English Comprehension (New),Assessment for evaluating specific skills and competencies,https://www.shl.com/products/product-catalog/view/english-comprehension-new/,English Comprehension (New). Assessment for evaluating specific skills and competencies,Language
Financial Accounting (New),Assessment for evaluating specific skills and competencies,https://www.shl.com/products/product-catalog/view/financial-accounting-new/,Financial Accounting (New). Assessment for evaluating specific skills and competencies,General
Executive Scenarios Profile Report,Assessment for evaluating specific skills and competencies,https://www.shl.com/products/product-catalog/view/executive-scenarios-profile-report/,Executive Scenarios Profile Report. Assessment for evaluating specific skills and competencies,General
Geoinformatics Engineering (New),Assessment for evaluating specific skills and competencies,https://www.shl.com/products/product-catalog/view/geoinformatics-engineering-new/,Geoinformatics Engineering (New). Assessment for evaluating specific skills and competencies,General
Petrochemical Engineering (New),Assessment for evaluating specific skills and competencies,https://www.shl.com/products/product-catalog/view/petrochemical-engineering-new/,Petrochemical Engineering (New). Assessment for evaluating specific skills and competencies,General
SHL Verify Interactive Numerical Calculation,Assessment for evaluating specific skills and competencies,https://www.shl.com/products/product-catalog/view/shl-verify-interactive-numerical-calculation/,SHL Verify Interactive Numerical Calculation. Assessment for evaluating specific skills and competencies,Cognitive
Graduate Scenarios,Assessment for evaluating specific skills and competencies,https://www.shl.com/products/product-catalog/view/graduate-scenarios/,Graduate Scenarios. Assessment for evaluating specific skills and competencies,General
OPQ User Report,Assessment for evaluating specific skills and competencies,https://www.shl.com/products/product-catalog/view/opq-user-report/,OPQ User Report. Assessment for evaluating specific skills and competencies,Personality & Behavior
Training Development,Assessment for evaluating specific skills and competencies,https://www.shl.com/products/product-catalog/view/training-development/,Training Development. Assessment for evaluating specific skills and competencies,General
ETL Testing (New),Assessment for evaluating specific skills and competencies,https://www.shl.com/products/product-catalog/view/etl-testing-new/,ETL Testing (New). Assessment for evaluating specific skills and competencies,General
OPQ Candidate Plus Report,Assessment for evaluating specific skills and competencies,https://www.shl.com/products/product-catalog/view/opq-candidate-plus-report/,OPQ Candidate Plus Report. Assessment for evaluating specific skills and competencies,Personality & Behavior
Automata Front End,Assessment for evaluating specific skills and competencies,https://www.shl.com/products/product-catalog/view/automata-front-end/,Automata Front End. Assessment for evaluating specific skills and competencies,General
AngularJS (New),Assessment for evaluating specific skills and competencies,https://www.shl.com/products/product-catalog/view/angularjs-new/,AngularJS (New). Assessment for evaluating specific skills and competencies,General
Apache Kafka (New),Assessment for evaluating specific skills and competencies,https://www.shl.com/products/product-catalog/view/apache-kafka-new/,Apache Kafka (New). Assessment for evaluating specific skills and competencies,General
360° Multi-Rater Feedback System (MFS),Assessment for evaluating specific skills and competencies,https://www.shl.com/products/product-catalog/view/360-multi-rater-feedback-system-mfs/,360° Multi-Rater Feedback System (MFS). Assessment for evaluating specific skills and competencies,General
Apache Hadoop Extensions (New),Assessment for evaluating specific skills and competencies,https://www.shl.com/products/product-catalog/view/apache-hadoop-extensions-new/,Apache Hadoop Extensions (New). Assessment for evaluating specific skills and competencies,General
Paint Technology (New),Assessment for evaluating specific skills and competencies,https://www.shl.com/products/product-catalog/view/paint-technology-new/,Paint Technology (New). Assessment for evaluating specific skills and competencies,General
DSI v1.1 Interpretation Report,Assessment for evaluating specific skills and competencies,https://www.shl.com/products/product-catalog/view/dsi-v1-1-interpretation-report/,DSI v1.1 Interpretation Report. Assessment for evaluating specific skills and competencies,General
Econometrics (New),Assessment for evaluating specific skills and competencies,https://www.shl.com/products/product-catalog/view/econometrics-new/,Econometrics (New). Assessment for evaluating specific skills and competencies,General
ReactJS (New),Assessment for evaluating specific skills and competencies,https://www.shl.com/products/product-catalog/view/reactjs-new/,ReactJS (New). Assessment for evaluating specific skills and competencies,General
SQL Server (New),Assessment for evaluating specific skills and competencies,https://www.shl.com/products/product-catalog/view/sql-server-new/,SQL Server (New). Assessment for evaluating specific skills and competencies,General
Business Communications,Assessment for evaluating specific skills and competencies,https://www.shl.com/products/product-catalog/view/business-communications/,Business Communications. Assessment for evaluating specific skills and competencies,General
Sales & Service Phone Simulation,Assessment for evaluating specific skills and competencies,https://www.shl.com/products/product-catalog/view/sales-and-service-phone-simulation/,Sales & Service Phone Simulation. Assessment for evaluating specific skills and competencies,Simulation
Sales Transformation Report 2.0 - Sales Manager,Assessment for evaluating specific skills and competencies,https://www.shl.com/products/product-catalog/view/sales-transformation-report-2-0-sales-manager/,Sales Transformation Report 2.0 - Sales Manager. Assessment for evaluating specific skills and competencies,General
Aeronautical Engineering (New),Assessment for evaluating specific skills and competencies,https://www.shl.com/products/product-catalog/view/aeronautical-engineering-new/,Aeronautical Engineering (New). Assessment for evaluating specific skills and competencies,General
Mining Engineering (New),Assessment for evaluating specific skills and competencies,https://www.shl.com/products/product-catalog/view/mining-engineering-new/,Mining Engineering (New). Assessment for evaluating specific skills and competencies,General
Pharmaceutics (New),Assessment for evaluating specific skills and competencies,https://www.shl.com/products/product-catalog/view/pharmaceutics-new/,Pharmaceutics (New). Assessment for evaluating specific skills and competencies,General
C# Programming (New),Assessment for evaluating specific skills and competencies,https://www.shl.com/products/product-catalog/view/c-programming-new-4039/,C# Programming (New). Assessment for evaluating specific skills and competencies,Technical Skills
Oracle DBA (Advanced Level) (New),Assessment for evaluating specific skills and competencies,https://www.shl.com/products/product-catalog/view/oracle-dba-advanced-level-new/,Oracle DBA (Advanced Level) (New). Assessment for evaluating specific skills and competencies,General
Core Java (Advanced Level) (New),Assessment for evaluating specific skills and competencies,https://www.shl.com/products/product-catalog/view/core-java-advanced-level-new/,Core Java (Advanced Level) (New). Assessment for evaluating specific skills and competencies,Technical Skills
Electrical Engineering (New),Assessment for evaluating specific skills and competencies,https://www.shl.com/products/product-catalog/view/electrical-engineering-new/,Electrical Engineering (New). Assessment for evaluating specific skills and competencies,General
OPQ Team Impact Individual Development Report,Assessment for evaluating specific skills and competencies,https://www.shl.com/products/product-catalog/view/opq-team-impact-individual-development-report/,OPQ Team Impact Individual Development Report. Assessment for evaluating specific skills and competencies,Personality & Behavior
Agile Software Development,Assessment for evaluating specific skills and competencies,https://www.shl.com/products/product-catalog/view/agile-software-development/,Agile Software Development. Assessment for evaluating specific skills and competencies,General
Financial and Banking Services (New),Assessment for evaluating specific skills and competencies,https://www.shl.com/products/product-catalog/view/financial-and-banking-services-new/,Financial and Banking Services (New). Assessment for evaluating specific skills and competencies,General
Sales Transformation 1.0 - Individual Contributor,Assessment for evaluating specific skills and competencies,https://www.shl.com/products/product-catalog/view/sales-transformation-report-individual-contributor/,Sales Transformation 1.0 - Individual Contributor. Assessment for evaluating specific skills and competencies,General
ExpressJS (New),Assessment for evaluating specific skills and competencies,https://www.shl.com/products/product-catalog/view/expressjs-new/,ExpressJS (New). Assessment for evaluating specific skills and competencies,General
Polymer Engineering (New),Assessment for evaluating specific skills and competencies,https://www.shl.com/products/product-catalog/view/polymer-engineering-new/,Polymer Engineering (New). Assessment for evaluating specific skills and competencies,General
SHL Verify Interactive - Inductive Reasoning,Assessment for evaluating specific skills and competencies,https://www.shl.com/products/product-catalog/view/shl-verify-interactive-inductive-reasoning/,SHL Verify Interactive - Inductive Reasoning. Assessment for evaluating specific skills and competencies,Cognitive
Apprentice 8.0 Job Focused Assessment,Assessment for evaluating specific skills and competencies,https://www.shl.com/products/product-catalog/view/apprentice-8-0-job-focused-assessment/,Apprentice 8.0 Job Focused Assessment. Assessment for evaluating specific skills and competencies,General
Following Instructions v1 - UK (R1),Assessment for evaluating specific skills and competencies,https://www.shl.com/products/product-catalog/view/following-instructions-v1-uk-r1/,Following Instructions v1 - UK (R1). Assessment for evaluating specific skills and competencies,General
PHP (New),Assessment for evaluating specific skills and competencies,https://www.shl.com/products/product-catalog/view/php-new/,PHP (New). Assessment for evaluating specific skills and competencies,General
What Is The Value - US,Assessment for evaluating specific skills and competencies,https://www.shl.com/products/product-catalog/view/what-is-the-value-us/,What Is The Value - US. Assessment for evaluating specific skills and competencies,General
Digital Advertising (New),Assessment for evaluating specific skills and competencies,https://www.shl.com/products/product-catalog/view/digital-advertising-new/,Digital Advertising (New). Assessment for evaluating specific skills and competencies,General
Fundamentals of Chemistry (New),Assessment for evaluating specific skills and competencies,https://www.shl.com/products/product-catalog/view/fundamentals-of-chemistry-new/,Fundamentals of Chemistry (New). Assessment for evaluating specific skills and competencies,General
Adobe Photoshop CC,Assessment for evaluating specific skills and competencies,https://www.shl.com/products/product-catalog/view/adobe-photoshop-cc/,Adobe Photoshop CC. Assessment for evaluating specific skills and competencies,General
SHL Verify Interactive – Deductive Reasoning,Assessment for evaluating specific skills and competencies,https://www.shl.com/products/product-catalog/view/shl-verify-interactive-deductive-reasoning/,SHL Verify Interactive – Deductive Reasoning. Assessment for evaluating specific skills and competencies,Cognitive
Petroleum Engineering (New),Assessment for evaluating specific skills and competencies,https://www.shl.com/products/product-catalog/view/petroleum-engineering-new/,Petroleum Engineering (New). Assessment for evaluating specific skills and competencies,General
Account Manager Solution,Assessment for evaluating specific skills and competencies,https://www.shl.com/products/product-catalog/view/account-manager-solution/,Account Manager Solution. Assessment for evaluating specific skills and competencies,General
SAP Hybris (New),Assessment for evaluating specific skills and competencies,https://www.shl.com/products/product-catalog/view/sap-hybris-new/,SAP Hybris (New). Assessment for evaluating specific skills and competencies,General
Smart Interview Live Coding,Assessment for evaluating specific skills and competencies,https://www.shl.com/products/product-catalog/view/smart-interview-live-coding/,Smart Interview Live Coding. Assessment for evaluating specific skills and competencies,Technical Skills
Verify Interactive G+ Candidate Report,Assessment for evaluating specific skills and competencies,https://www.shl.com/products/product-catalog/view/verify-interactive-g-candidate-report/,Verify Interactive G+ Candidate Report. Assessment for evaluating specific skills and competencies,Cognitive
Organic Chemistry (New),Assessment for evaluating specific skills and competencies,https://www.shl.com/products/product-catalog/view/organic-chemistry-new/,Organic Chemistry (New). Assessment for evaluating specific skills and competencies,General
Economics (New),Assessment for evaluating specific skills and competencies,https://www.shl.com/products/product-catalog/view/economics-new/,Economics (New). Assessment for evaluating specific skills and competencies,General
.NET XAML (New),Assessment for evaluating specific skills and competencies,https://www.shl.com/products/product-catalog/view/net-xaml-new/,.NET XAML (New). Assessment for evaluating specific skills and competencies,Technical Skills
Entry Level Customer Serv-Retail & Contact Center,Assessment for evaluating specific skills and competencies,https://www.shl.com/products/product-catalog/view/entry-level-customer-serv-retail-and-contact-center/,Entry Level Customer Serv-Retail & Contact Center. Assessment for evaluating specific skills and competencies,General
SVAR - Spoken French (European) (New),Assessment for evaluating specific skills and competencies,https://www.shl.com/products/product-catalog/view/svar-spoken-french-european-new/,SVAR - Spoken French (European) (New). Assessment for evaluating specific skills and competencies,General
Bank Collections Agent - Short Form,Assessment for evaluating specific skills and competencies,https://www.shl.com/products/product-catalog/view/bank-collections-agent-short-form/,Bank Collections Agent - Short Form. Assessment for evaluating specific skills and competencies,General
Siebel Development (New),Assessment for evaluating specific skills and competencies,https://www.shl.com/products/product-catalog/view/siebel-development-new/,Siebel Development (New). Assessment for evaluating specific skills and competencies,General
Medical Terminology (New),Assessment for evaluating specific skills and competencies,https://www.shl.com/products/product-catalog/view/medical-terminology-new/,Medical Terminology (New). Assessment for evaluating specific skills and competencies,General
Executive Scenarios,Assessment for evaluating specific skills and competencies,https://www.shl.com/products/product-catalog/view/executive-scenarios/,Executive Scenarios. Assessment for evaluating specific skills and competencies,General
Food Science (New),Assessment for evaluating specific skills and competencies,https://www.shl.com/products/product-catalog/view/food-science-new/,Food Science (New). Assessment for evaluating specific skills and competencies,General
Manufacturing & Industrial - Essential Focus 8.0,Assessment for evaluating specific skills and competencies,https://www.shl.com/products/product-catalog/view/essential-focus-8-0/,Manufacturing & Industrial - Essential Focus 8.0. Assessment for evaluating specific skills and competencies,General
WriteX - Email Writing (Sales) (New),Assessment for evaluating specific skills and competencies,https://www.shl.com/products/product-catalog/view/writex-email-writing-sales-new/,WriteX - Email Writing (Sales) (New). Assessment for evaluating specific skills and competencies,Language
Conversational Multichat Simulation,Assessment for evaluating specific skills and competencies,https://www.shl.com/products/product-catalog/view/conversational-multichat-simulation/,Conversational Multichat Simulation. Assessment for evaluating specific skills and competencies,Simulation
Assessment and Development Center Exercises,Assessment for evaluating specific skills and competencies,https://www.shl.com/products/product-catalog/view/assessment-and-development-center-exercises/,Assessment and Development Center Exercises. Assessment for evaluating specific skills and competencies,Simulation
Virtual Assessment and Development Centers,Assessment for evaluating specific skills and competencies,https://www.shl.com/products/product-catalog/view/virtual-assessment-and-development-centers/,Virtual Assessment and Development Centers. Assessment for evaluating specific skills and competencies,General
Visual Comparison - US,Assessment for evaluating specific skills and competencies,https://www.shl.com/products/product-catalog/view/visual-comparison-us/,Visual Comparison - US. Assessment for evaluating specific skills and competencies,General
Business Communication (adaptive),Assessment for evaluating specific skills and competencies,https://www.shl.com/products/product-catalog/view/business-communication-adaptive/,Business Communication (adaptive). Assessment for evaluating specific skills and competencies,General
OPQ Team Impact Selection Report,Assessment for evaluating specific skills and competencies,https://www.shl.com/products/product-catalog/view/opq-team-impact-selection-report/,OPQ Team Impact Selection Report. Assessment for evaluating specific skills and competencies,Personality & Behavior
Verify Interactive Process Monitoring,Assessment for evaluating specific skills and competencies,https://www.shl.com/products/product-catalog/view/verify-interactive-process-monitoring/,Verify Interactive Process Monitoring. Assessment for evaluating specific skills and competencies,Cognitive
Cashier Solution,Assessment for evaluating specific skills and competencies,https://www.shl.com/products/product-catalog/view/cashier-solution/,Cashier Solution. Assessment for evaluating specific skills and competencies,General
OPQ Candidate Report 2.0,Assessment for evaluating specific skills and competencies,https://www.shl.com/products/product-catalog/view/opq-candidate-report-2-0/,OPQ Candidate Report 2.0. Assessment for evaluating specific skills and competencies,Personality & Behavior
Informatica (Architecture) (New),Assessment for evaluating specific skills and competencies,https://www.shl.com/products/product-catalog/view/informatica-architecture-new/,Informatica (Architecture) (New). Assessment for evaluating specific skills and competencies,General
MS Excel (New),Assessment for evaluating specific skills and competencies,https://www.shl.com/products/product-catalog/view/ms-excel-new/,MS Excel (New). Assessment for evaluating specific skills and competencies,General
Dojo (New),Assessment for evaluating specific skills and competencies,https://www.shl.com/products/product-catalog/view/dojo-new/,Dojo (New). Assessment for evaluating specific skills and competencies,General
Enterprise Leadership Report 1.0,Assessment for evaluating specific skills and competencies,https://www.shl.com/products/product-catalog/view/enterprise-leadership-report/,Enterprise Leadership Report 1.0. Assessment for evaluating specific skills and competencies,General
HiPo Assessment Report 2.0,Assessment for evaluating specific skills and competencies,https://www.shl.com/products/product-catalog/view/hipo-assessment-report-2-0/,HiPo Assessment Report 2.0. Assessment for evaluating specific skills and competencies,General
.NET Framework 4.5,Assessment for evaluating specific skills and competencies,https://www.shl.com/products/product-catalog/view/net-framework-4-5/,.NET Framework 4.5. Assessment for evaluating specific skills and competencies,Technical Skills
Hibernate (New),Assessment for evaluating specific skills and competencies,https://www.shl.com/products/product-catalog/view/hibernate-new/,Hibernate (New). Assessment for evaluating specific skills and competencies,General
Pharmaceutical Chemistry (New),Assessment for evaluating specific skills and competencies,https://www.shl.com/products/product-catalog/view/pharmaceutical-chemistry-new/,Pharmaceutical Chemistry (New). Assessment for evaluating specific skills and competencies,General
Core Java (Entry Level) (New),Assessment for evaluating specific skills and competencies,https://www.shl.com/products/product-catalog/view/core-java-entry-level-new/,Core Java (Entry Level) (New). Assessment for evaluating specific skills and competencies,Technical Skills
Perl (New),Assessment for evaluating specific skills and competencies,https://www.shl.com/products/product-catalog/view/perl-new/,Perl (New). Assessment for evaluating specific skills and competencies,General
Manufacturing & Industrial - Vigilance Focus 8.0,Assessment for evaluating specific skills and competencies,https://www.shl.com/products/product-catalog/view/vigilance-focus-8-0/,Manufacturing & Industrial - Vigilance Focus 8.0. Assessment for evaluating specific skills and competencies,General
WriteX - Email Writing (Managerial) (New),Assessment for evaluating specific skills and competencies,https://www.shl.com/products/product-catalog/view/writex-email-writing-managerial-new/,WriteX - Email Writing (Managerial) (New). Assessment for evaluating specific skills and competencies,Language
OPQ UCF Development Action Planner Report 2.0,Assessment for evaluating specific skills and competencies,https://www.shl.com/products/product-catalog/view/opq-ucf-development-action-planner-report-2-0/,OPQ UCF Development Action Planner Report 2.0. Assessment for evaluating specific skills and competencies,Personality & Behavior
